"","Year","FuelType","price","Brand","Model","TankSize","Fuelefficiency","Range","KM_10vehicles_26refuels","FuelCosts_10vehicles","kmperdollar"
"1","2004","Diesel",0.66,"Ford","Ranger",80,9,857.566198351772,222967.211571461,13728,16.2417840596927
"2","2004","Diesel",0.66,"Mitsubishi","Triton",75,9.5,798.65585042163,207650.521109624,12870,16.1344616246794
"3","2004","Diesel",0.66,"Toyota","HiLux",80,7.5,1024.88523604616,266470.161372003,13728,19.410705228147
"4","2004","Diesel",0.66,"Isuzu","D-Max",76,7.5,1093.09737344022,284205.317094458,13041.6,21.7922123891591
"5","2004","Diesel",0.66,"Hyundai","Santa Fe",67,6.5,1047.24461936,272283.6010336,11497.2,23.6826010710086
"6","2005","Diesel",0.735,"Ford","Ranger",80,9,847.865469682988,220445.022117577,15288,14.4194807769216
"7","2005","Diesel",0.735,"Mitsubishi","Triton",75,9.5,813.845136831951,211599.735576307,14332.5,14.7636306001261
"8","2005","Diesel",0.735,"Toyota","HiLux",80,7.5,1103.58290192313,286931.554500013,15288,18.7684166993729
"9","2005","Diesel",0.735,"Isuzu","D-Max",76,7.5,1042.12240091601,270951.824238162,14523.6,18.6559685090585
"10","2005","Diesel",0.735,"Hyundai","Santa Fe",67,6.5,1015.49981141141,264029.950966967,12803.7,20.6213790519121
"11","2006","Diesel",0.979,"Ford","Ranger",80,9,964.477947311431,250764.266300972,20363.2,12.314580532577
"12","2006","Diesel",0.979,"Mitsubishi","Triton",75,9.5,808.965846031098,210331.119968085,19090.5,11.0175804702907
"13","2006","Diesel",0.979,"Toyota","HiLux",80,7.5,1035.60463763958,269257.20578629,20363.2,13.2227354141927
"14","2006","Diesel",0.979,"Isuzu","D-Max",76,7.5,902.598338974458,234675.568133359,19345.04,12.1310458977267
"15","2006","Diesel",0.979,"Hyundai","Santa Fe",67,6.5,1087.01577667639,282624.10193586,17054.18,16.5721308169528
"16","2007","Diesel",0.913,"Ford","Ranger",80,9,886.642208438127,230526.974193913,18990.4,12.1391320980028
"17","2007","Diesel",0.913,"Mitsubishi","Triton",75,9.5,788.664171055579,205052.684474451,17803.5,11.5175490479091
"18","2007","Diesel",0.913,"Toyota","HiLux",80,7.5,1113.85847720093,289603.204072242,18990.4,15.2499791511628
"19","2007","Diesel",0.913,"Isuzu","D-Max",76,7.5,1054.39439308824,274142.542202942,18040.88,15.1956302687531
"20","2007","Diesel",0.913,"Hyundai","Santa Fe",67,6.5,1060.46429683011,275720.717175828,15904.46,17.3360627884146
"21","2008","Diesel",1.073,"Ford","Ranger",80,9,934.8377574693,243057.816942018,22318.4,10.8904678176759
"22","2008","Diesel",1.073,"Mitsubishi","Triton",75,9.5,828.58049924708,215430.929804241,20923.5,10.2961230102153
"23","2008","Diesel",1.073,"Toyota","HiLux",80,7.5,1070.39491583493,278302.678117081,22318.4,12.4696518620099
"24","2008","Diesel",1.073,"Isuzu","D-Max",76,7.5,913.865748540165,237605.094620443,21202.48,11.2064765357846
"25","2008","Diesel",1.073,"Hyundai","Santa Fe",67,6.5,1061.76051816397,276057.734722631,18691.66,14.7690325376468
"26","2009","Diesel",0.963,"Ford","Ranger",80,9,886.082451912439,230381.437497234,20030.4,11.5015894588842
"27","2009","Diesel",0.963,"Mitsubishi","Triton",75,9.5,781.68390887526,203237.816307568,18778.5,10.8228993959884
"28","2009","Diesel",0.963,"Toyota","HiLux",80,7.5,993.129047471703,258213.552342643,20030.4,12.8910831707127
"29","2009","Diesel",0.963,"Isuzu","D-Max",76,7.5,989.425830577902,257250.715950255,19028.88,13.5189625427379
"30","2009","Diesel",0.963,"Hyundai","Santa Fe",67,6.5,1051.66630877922,273433.240282596,16775.46,16.2995971664918
"31","2010","Diesel",1.051,"Ford","Ranger",80,9,956.822866465341,248773.945280989,21860.8,11.3799104003965
"32","2010","Diesel",1.051,"Mitsubishi","Triton",75,9.5,784.334297843376,203926.917439278,20494.5,9.9503241083841
"33","2010","Diesel",1.051,"Toyota","HiLux",80,7.5,1086.05024724463,282373.064283605,21860.8,12.9168678311684
"34","2010","Diesel",1.051,"Isuzu","D-Max",76,7.5,1010.64308130419,262767.201139089,20767.76,12.6526501239945
"35","2010","Diesel",1.051,"Hyundai","Santa Fe",67,6.5,961.916252927801,250098.225761228,18308.42,13.6602844899357
"36","2011","Diesel",1.285080749,"Ford","Ranger",80,9,868.139160723905,225716.181788215,26729.6795792,8.44440282643189
"37","2011","Diesel",1.285080749,"Mitsubishi","Triton",75,9.5,769.759186525009,200137.388496502,25059.0746055,7.98662327508997
"38","2011","Diesel",1.285080749,"Toyota","HiLux",80,7.5,1063.70099683111,276562.259176088,26729.6795792,10.3466357820203
"39","2011","Diesel",1.285080749,"Isuzu","D-Max",76,7.5,1068.33460193253,277766.996502457,25393.19560024,10.9386388729992
"40","2011","Diesel",1.285080749,"Hyundai","Santa Fe",67,6.5,1068.92801819211,277921.284729948,22386.10664758,12.4149004159235
"41","2012","Diesel",1.386670208,"Ford","Ranger",80,9,880.66270907621,228972.304359815,28842.7403264,7.93864597360169
"42","2012","Diesel",1.386670208,"Mitsubishi","Triton",75,9.5,776.805600203701,201969.456052962,27040.069056,7.4692655419882
"43","2012","Diesel",1.386670208,"Toyota","HiLux",80,7.5,1101.5148354369,286393.857213595,28842.7403264,9.92949539373193
"44","2012","Diesel",1.386670208,"Isuzu","D-Max",76,7.5,1041.16649326702,270703.288249424,27400.60331008,9.87946452076255
"45","2012","Diesel",1.386670208,"Hyundai","Santa Fe",67,6.5,996.331446041755,259046.175970856,24155.79502336,10.7239764089877
"46","2013","Diesel",1.361774025,"Ford","Ranger",80,9,853.514131040783,221913.674070604,28324.89972,7.83457933705982
"47","2013","Diesel",1.361774025,"Mitsubishi","Triton",75,9.5,807.702782317368,210002.723402516,26554.5934875,7.90833885298865
"48","2013","Diesel",1.361774025,"Toyota","HiLux",80,7.5,1105.09331289244,287324.261352034,28324.89972,10.1438756780189
"49","2013","Diesel",1.361774025,"Isuzu","D-Max",76,7.5,1007.71602272582,262006.165908714,26908.654734,9.73687345200725
"50","2013","Diesel",1.361774025,"Hyundai","Santa Fe",67,6.5,1074.82461709194,279454.400443905,23722.1035155,11.7803381247919
"51","2014","Diesel",1.166142969,"Ford","Ranger",80,9,908.794182907242,236286.487555883,24255.7737552,9.74145331089376
"52","2014","Diesel",1.166142969,"Mitsubishi","Triton",75,9.5,758.872364547988,197306.814782477,22739.7878955,8.67672186254306
"53","2014","Diesel",1.166142969,"Toyota","HiLux",80,7.5,1083.72265123789,281767.889321851,24255.7737552,11.6165285909069
"54","2014","Diesel",1.166142969,"Isuzu","D-Max",76,7.5,956.865178529294,248784.946417616,23042.98506744,10.7965589392822
"55","2014","Diesel",1.166142969,"Hyundai","Santa Fe",67,6.5,1102.42041585428,286629.308122114,20314.21051998,14.1097931342298
"56","2015","Diesel",0.9522815085,"Ford","Ranger",80,9,987.908883814182,256856.309791687,19807.4553768,12.9676581320252
"57","2015","Diesel",0.9522815085,"Mitsubishi","Triton",75,9.5,771.112610387201,200489.278700672,18569.48941575,10.7967038948644
"58","2015","Diesel",0.9522815085,"Toyota","HiLux",80,7.5,1014.45993535084,263759.583191218,19807.4553768,13.3161770744239
"59","2015","Diesel",0.9522815085,"Isuzu","D-Max",76,7.5,1041.81931470545,270873.021823418,18817.08260796,14.3950593971902
"60","2015","Diesel",0.9522815085,"Hyundai","Santa Fe",67,6.5,1024.01650057519,266244.290149549,16588.74387807,16.0496956313563
"61","2016","Diesel",0.8052432231,"Ford","Ranger",80,9,1008.96977691413,262332.141997673,16749.05904048,15.6625002851596
"62","2016","Diesel",0.8052432231,"Mitsubishi","Triton",75,9.5,787.511684073868,204753.037859206,15702.24285045,13.0397319548104
"63","2016","Diesel",0.8052432231,"Toyota","HiLux",80,7.5,1101.15363478921,286299.945045193,16749.05904048,17.0934942884402
"64","2016","Diesel",0.8052432231,"Isuzu","D-Max",76,7.5,1014.73344127237,263830.694730815,15911.606088456,16.581022259106
"65","2016","Diesel",0.8052432231,"Hyundai","Santa Fe",67,6.5,993.605570325111,258337.448284529,14027.336946402,18.4167136835472
"66","2017","Diesel",0.9778450957,"Ford","Ranger",80,9,898.328503864606,233565.411004798,20339.17799056,11.4835226435012
"67","2017","Diesel",0.9778450957,"Mitsubishi","Triton",75,9.5,699.225752765974,181798.695719153,19067.97936615,9.53424021644828
"68","2017","Diesel",0.9778450957,"Toyota","HiLux",80,7.5,1139.94440974481,296385.546533651,20339.17799056,14.5721497039463
"69","2017","Diesel",0.9778450957,"Isuzu","D-Max",76,7.5,1020.99600024393,265458.960063421,19322.219091032,13.7385337994966
"70","2017","Diesel",0.9778450957,"Hyundai","Santa Fe",67,6.5,1139.39981428734,296243.951714708,17034.061567094,17.391269284067
"71","2018","Diesel",1.206087771,"Ford","Ranger",80,9,912.664365333872,237292.734986807,25086.6256368,9.45893395238928
"72","2018","Diesel",1.206087771,"Mitsubishi","Triton",75,9.5,753.976362664436,196033.854292753,23518.7115345,8.33522933453169
"73","2018","Diesel",1.206087771,"Toyota","HiLux",80,7.5,1097.20298434112,285272.775928691,25086.6256368,11.3715084706418
"74","2018","Diesel",1.206087771,"Isuzu","D-Max",76,7.5,966.628451751121,251323.397455291,23832.29435496,10.5454973705872
"75","2018","Diesel",1.206087771,"Hyundai","Santa Fe",67,6.5,968.087560757276,251702.765796892,21010.04897082,11.9801132375499
"76","2019","Diesel",1.302247901,"Ford","Ranger",80,9,903.461200664762,234899.912172838,27086.7563408,8.67213147330657
"77","2019","Diesel",1.302247901,"Mitsubishi","Triton",75,9.5,767.309090549605,199500.363542897,25393.8340695,7.85625215148243
"78","2019","Diesel",1.302247901,"Toyota","HiLux",80,7.5,1066.72193424825,277347.702904544,27086.7563408,10.2392364524941
"79","2019","Diesel",1.302247901,"Isuzu","D-Max",76,7.5,1017.05039954092,264433.103880638,25732.41852376,10.2762631361865
"80","2019","Diesel",1.302247901,"Hyundai","Santa Fe",67,6.5,1001.29318345983,260336.227699555,22685.15843542,11.4760594879987
"81","2020","Diesel",1.0074856403,"Ford","Ranger",80,9,860.455452247964,223718.417584471,20955.70131824,10.6757781181842
"82","2020","Diesel",1.0074856403,"Mitsubishi","Triton",75,9.5,782.714753454335,203505.835898127,19645.96998585,10.3586555433355
"83","2020","Diesel",1.0074856403,"Toyota","HiLux",80,7.5,1125.57101649533,292648.464288785,20955.70131824,13.9650999909061
"84","2020","Diesel",1.0074856403,"Isuzu","D-Max",76,7.5,937.154993311845,243660.29826108,19907.916252328,12.2393672533451
"85","2020","Diesel",1.0074856403,"Hyundai","Santa Fe",67,6.5,1060.46654015065,275721.30043917,17550.399854026,15.7102574717647
"86","2021","Diesel",1.0612227645,"Ford","Ranger",80,9,905.536407449565,235439.465936887,22073.4335016,10.6661913707182
"87","2021","Diesel",1.0612227645,"Mitsubishi","Triton",75,9.5,842.628676074344,219083.45577933,20693.84390775,10.5868903213908
"88","2021","Diesel",1.0612227645,"Toyota","HiLux",80,7.5,1051.45747048495,273378.942326087,22073.4335016,12.3849759171482
"89","2021","Diesel",1.0612227645,"Isuzu","D-Max",76,7.5,1031.83427382915,268276.911195578,20969.76182652,12.7935125546488
"90","2021","Diesel",1.0612227645,"Hyundai","Santa Fe",67,6.5,1044.12417030784,271472.284280039,18486.50055759,14.6848930891131
"91","2022","Diesel",1.526671151,"Ford","Ranger",80,9,861.762887339306,224058.35070822,31754.7599408,7.05589811183989
"92","2022","Diesel",1.526671151,"Mitsubishi","Triton",75,9.5,849.867074509685,220965.439372518,29770.0874445,7.42239806263455
"93","2022","Diesel",1.526671151,"Toyota","HiLux",80,7.5,1124.68679745141,292418.567337368,31754.7599408,9.20865306122673
"94","2022","Diesel",1.526671151,"Isuzu","D-Max",76,7.5,1048.34401580908,272569.444110362,30167.02194376,9.03534477544749
"95","2022","Diesel",1.526671151,"Hyundai","Santa Fe",67,6.5,1110.11090349627,288628.834909031,26594.61145042,10.8529066291161
"96","2023","Diesel",1.716713469,"Ford","Ranger",80,9,916.813210167154,238371.43464346,35707.6401552,6.67564234453468
"97","2023","Diesel",1.716713469,"Mitsubishi","Triton",75,9.5,725.644073787624,188667.459184782,33475.9126455,5.63591682122949
"98","2023","Diesel",1.716713469,"Toyota","HiLux",80,7.5,1038.00339595482,269880.882948254,35707.6401552,7.55807109557622
"99","2023","Diesel",1.716713469,"Isuzu","D-Max",76,7.5,952.102702588415,247546.702672988,33922.25814744,7.29747122367411
"100","2023","Diesel",1.716713469,"Hyundai","Santa Fe",67,6.5,1007.09919894727,261845.791726289,29905.14862998,8.75587662064946
"101","2004","Regular_Petrol",0.675,"Toyota","RAV4",55,6.5,815.13551229264,211935.233196086,9652.5,21.9565121156267
"102","2004","Regular_Petrol",0.675,"Toyota","Corolla",50,5.5,911.196702748121,236911.142714511,8775,26.9984208221665
"103","2004","Regular_Petrol",0.675,"Kia","Sportage",54,8.5,589.748035219436,153334.489157053,9477,16.1796443132904
"104","2004","Regular_Petrol",0.675,"Hyundai","Kona",50,6.5,777.132207850973,202054.374041253,8775,23.0261394918807
"105","2004","Regular_Petrol",0.675,"Honda","Jazz",40,6.5,582.655383188675,151490.399629055,7020,21.5798290069879
"106","2004","Regular_Petrol",0.675,"Suzuki","Swift",37,5.5,761.091636195905,197883.825410935,6493.5,30.4741395874236
"107","2004","Regular_Petrol",0.675,"Mitsubishi","Outlander PHEV",56,2,2835.83537380086,737317.197188224,9828,75.0220998360016
"108","2004","Regular_Petrol",0.675,"Nissan","X-Trail",55,7,831.222997189047,216117.979269152,9652.5,22.3898450421292
"109","2004","Regular_Petrol",0.675,"Subaru","Impreza",50,7,733.494982177032,190708.695366028,8775,21.7331846570972
"110","2005","Regular_Petrol",0.798,"Toyota","RAV4",55,6.5,930.262650179817,241868.289046752,11411.4,21.1953212617867
"111","2005","Regular_Petrol",0.798,"Toyota","Corolla",50,5.5,877.30408639346,228099.0624623,10374,21.9875710875554
"112","2005","Regular_Petrol",0.798,"Kia","Sportage",54,8.5,612.211881129031,159175.089093548,11203.92,14.2070890450439
"113","2005","Regular_Petrol",0.798,"Hyundai","Kona",50,6.5,840.844881157852,218619.669101042,10374,21.0738065453096
"114","2005","Regular_Petrol",0.798,"Honda","Jazz",40,6.5,582.849797719097,151540.947406965,8299.2,18.2597054423276
"115","2005","Regular_Petrol",0.798,"Suzuki","Swift",37,5.5,662.358235547174,172213.141242265,7676.76,22.4330500422399
"116","2005","Regular_Petrol",0.798,"Mitsubishi","Outlander PHEV",56,2,2780.3596035279,722893.496917254,11618.88,62.2171411458982
"117","2005","Regular_Petrol",0.798,"Nissan","X-Trail",55,7,769.71464228686,200125.806994584,11411.4,17.5373579924097
"118","2005","Regular_Petrol",0.798,"Subaru","Impreza",50,7,700.330049136886,182085.81277559,10374,17.5521315573154
"119","2006","Regular_Petrol",1.368,"Toyota","RAV4",55,6.5,870.863262717237,226424.448306482,19562.4,11.5744718596124
"120","2006","Regular_Petrol",1.368,"Toyota","Corolla",50,5.5,900.224384977429,234058.340094131,17784,13.1611752189683
"121","2006","Regular_Petrol",1.368,"Kia","Sportage",54,8.5,609.996244541346,158599.02358075,19206.72,8.25747569500414
"122","2006","Regular_Petrol",1.368,"Hyundai","Kona",50,6.5,836.38271048929,217459.504727215,17784,12.2278174048142
"123","2006","Regular_Petrol",1.368,"Honda","Jazz",40,6.5,604.655644957272,157210.467688891,14227.2,11.0499935116461
"124","2006","Regular_Petrol",1.368,"Suzuki","Swift",37,5.5,663.749446225103,172574.856018527,13160.16,13.1134314490498
"125","2006","Regular_Petrol",1.368,"Mitsubishi","Outlander PHEV",56,2,2794.99046293932,726697.520364224,19918.08,36.4843157756282
"126","2006","Regular_Petrol",1.368,"Nissan","X-Trail",55,7,821.347601066856,213550.376277383,19562.4,10.9163689668641
"127","2006","Regular_Petrol",1.368,"Subaru","Impreza",50,7,710.607494079398,184757.948460643,17784,10.3889984514532
"128","2007","Regular_Petrol",1.352,"Toyota","RAV4",55,6.5,844.272137580494,219510.755770928,19333.6,11.3538480040411
"129","2007","Regular_Petrol",1.352,"Toyota","Corolla",50,5.5,875.007885153126,227502.050139813,17576,12.9439036265255
"130","2007","Regular_Petrol",1.352,"Kia","Sportage",54,8.5,619.080604034743,160960.957049033,18982.08,8.47962694546821
"131","2007","Regular_Petrol",1.352,"Hyundai","Kona",50,6.5,772.238791252495,200782.085725649,17576,11.423650758173
"132","2007","Regular_Petrol",1.352,"Honda","Jazz",40,6.5,585.939891071632,152344.371678624,14060.8,10.8346873349044
"133","2007","Regular_Petrol",1.352,"Suzuki","Swift",37,5.5,699.302082358901,181818.541413314,13006.24,13.9793315680254
"134","2007","Regular_Petrol",1.352,"Mitsubishi","Outlander PHEV",56,2,2724.08029591066,708260.876936772,19685.12,35.9795051763348
"135","2007","Regular_Petrol",1.352,"Nissan","X-Trail",55,7,801.042178753774,208270.966475981,19333.6,10.7724876109975
"136","2007","Regular_Petrol",1.352,"Subaru","Impreza",50,7,637.463223108835,165740.438008297,17576,9.42992933592951
"137","2008","Regular_Petrol",1.346,"Toyota","RAV4",55,6.5,831.105039812016,216087.310351124,19247.8,11.2265978631908
"138","2008","Regular_Petrol",1.346,"Toyota","Corolla",50,5.5,882.676913868659,229495.997605851,17498,13.115555926726
"139","2008","Regular_Petrol",1.346,"Kia","Sportage",54,8.5,602.689378613009,156699.238439382,18897.84,8.29191264395202
"140","2008","Regular_Petrol",1.346,"Hyundai","Kona",50,6.5,766.3859303384,199260.341887984,17498,11.3876066915067
"141","2008","Regular_Petrol",1.346,"Honda","Jazz",40,6.5,519.666644100615,135113.32746616,13998.4,9.65205505387472
"142","2008","Regular_Petrol",1.346,"Suzuki","Swift",37,5.5,731.556438328201,190204.673965332,12948.52,14.6892983881812
"143","2008","Regular_Petrol",1.346,"Mitsubishi","Outlander PHEV",56,2,2716.7513781894,706355.358329244,19597.76,36.0426578511648
"144","2008","Regular_Petrol",1.346,"Nissan","X-Trail",55,7,762.537765640666,198259.819066573,19247.8,10.3003885673466
"145","2008","Regular_Petrol",1.346,"Subaru","Impreza",50,7,658.489709033572,171207.324348729,17498,9.78439389351519
"146","2009","Regular_Petrol",1.32,"Toyota","RAV4",55,6.5,808.612896094174,210239.352984485,18876,11.1379186789831
"147","2009","Regular_Petrol",1.32,"Toyota","Corolla",50,5.5,1013.44923637233,263496.801456805,17160,15.3552914601868
"148","2009","Regular_Petrol",1.32,"Kia","Sportage",54,8.5,636.163898631721,165402.613644248,18532.8,8.92485828607914
"149","2009","Regular_Petrol",1.32,"Hyundai","Kona",50,6.5,704.915742709053,183278.093104354,17160,10.6805415561978
"150","2009","Regular_Petrol",1.32,"Honda","Jazz",40,6.5,533.354338663687,138672.128052559,13728,10.1014079292365
"151","2009","Regular_Petrol",1.32,"Suzuki","Swift",37,5.5,695.236627790906,180761.523225635,12698.4,14.234984189003
"152","2009","Regular_Petrol",1.32,"Mitsubishi","Outlander PHEV",56,2,2799.07200836427,727758.72217471,19219.2,37.8662338793867
"153","2009","Regular_Petrol",1.32,"Nissan","X-Trail",55,7,769.810866987093,200150.825416644,18876,10.6034554681418
"154","2009","Regular_Petrol",1.32,"Subaru","Impreza",50,7,667.817606913029,173632.577797388,17160,10.1184485895914
"155","2010","Regular_Petrol",1.627,"Toyota","RAV4",55,6.5,771.780830646772,200663.015968161,23266.1,8.62469498403947
"156","2010","Regular_Petrol",1.627,"Toyota","Corolla",50,5.5,855.331294260125,222386.136507633,21151,10.5142138200384
"157","2010","Regular_Petrol",1.627,"Kia","Sportage",54,8.5,685.295557832755,178176.845036516,22843.08,7.80003594246118
"158","2010","Regular_Petrol",1.627,"Hyundai","Kona",50,6.5,738.167434490928,191923.532967641,21151,9.07396969257441
"159","2010","Regular_Petrol",1.627,"Honda","Jazz",40,6.5,546.163273015391,142002.450984002,16920.8,8.39218305186526
"160","2010","Regular_Petrol",1.627,"Suzuki","Swift",37,5.5,766.191803848452,199209.869000597,15651.74,12.7276500248916
"161","2010","Regular_Petrol",1.627,"Mitsubishi","Outlander PHEV",56,2,2821.25501886862,733526.304905842,23689.12,30.9646920149774
"162","2010","Regular_Petrol",1.627,"Nissan","X-Trail",55,7,773.781930668634,201183.301973845,23266.1,8.64705739139112
"163","2010","Regular_Petrol",1.627,"Subaru","Impreza",50,7,767.209866721165,199474.565347503,21151,9.43097562041998
"164","2011","Regular_Petrol",1.37219369,"Toyota","RAV4",55,6.5,890.474978722593,231523.494467874,19622.369767,11.7989568648961
"165","2011","Regular_Petrol",1.37219369,"Toyota","Corolla",50,5.5,878.128756679352,228313.476736631,17838.51797,12.7989038731019
"166","2011","Regular_Petrol",1.37219369,"Kia","Sportage",54,8.5,745.599240874082,193855.802627261,19265.5994076,10.0622772500288
"167","2011","Regular_Petrol",1.37219369,"Hyundai","Kona",50,6.5,756.479417723718,196684.648608167,17838.51797,11.0258402037065
"168","2011","Regular_Petrol",1.37219369,"Honda","Jazz",40,6.5,544.159882873975,141481.569547234,14270.814376,9.91405015996639
"169","2011","Regular_Petrol",1.37219369,"Suzuki","Swift",37,5.5,665.507292629562,173031.896083686,13200.5032978,13.1079771869398
"170","2011","Regular_Petrol",1.37219369,"Mitsubishi","Outlander PHEV",56,2,2810.37691696162,730697.99841002,19979.1401264,36.5730453756862
"171","2011","Regular_Petrol",1.37219369,"Nissan","X-Trail",55,7,901.113205667254,234289.433473486,19622.369767,11.9399153239637
"172","2011","Regular_Petrol",1.37219369,"Subaru","Impreza",50,7,719.5758326804,187089.716496904,17838.51797,10.4879630029548
"173","2012","Regular_Petrol",1.263239166,"Toyota","RAV4",55,6.5,869.003786425017,225940.984470504,18064.3200738,12.5075831001358
"174","2012","Regular_Petrol",1.263239166,"Toyota","Corolla",50,5.5,905.233262323083,235360.648204001,16422.109158,14.3319378734823
"175","2012","Regular_Petrol",1.263239166,"Kia","Sportage",54,8.5,618.594075528732,160834.45963747,17735.87789064,9.06831117293323
"176","2012","Regular_Petrol",1.263239166,"Hyundai","Kona",50,6.5,767.494467815205,199548.561631953,16422.109158,12.1512139343407
"177","2012","Regular_Petrol",1.263239166,"Honda","Jazz",40,6.5,654.766595666124,170239.314873192,13137.6873264,12.9580884857184
"178","2012","Regular_Petrol",1.263239166,"Suzuki","Swift",37,5.5,776.489523159887,201887.276021571,12152.36077692,16.6130087583475
"179","2012","Regular_Petrol",1.263239166,"Mitsubishi","Outlander PHEV",56,2,2851.36962193819,741356.101703929,18392.76225696,40.3069474474065
"180","2012","Regular_Petrol",1.263239166,"Nissan","X-Trail",55,7,846.109705633621,219988.523464741,18064.3200738,12.178068289645
"181","2012","Regular_Petrol",1.263239166,"Subaru","Impreza",50,7,652.719543207812,169707.081234031,16422.109158,10.3340612098756
"182","2013","Regular_Petrol",1.989176075,"Toyota","RAV4",55,6.5,895.348624656515,232790.642410694,28445.2178725,8.18382349729685
"183","2013","Regular_Petrol",1.989176075,"Toyota","Corolla",50,5.5,920.087149273942,239222.658811225,25859.288975,9.25093721805338
"184","2013","Regular_Petrol",1.989176075,"Kia","Sportage",54,8.5,561.931616192447,146102.220210036,27928.032093,5.23138256657388
"185","2013","Regular_Petrol",1.989176075,"Hyundai","Kona",50,6.5,795.281906363176,206773.295654426,25859.288975,7.99609362246302
"186","2013","Regular_Petrol",1.989176075,"Honda","Jazz",40,6.5,607.446885148815,157936.190138692,20687.43118,7.63440316801536
"187","2013","Regular_Petrol",1.989176075,"Suzuki","Swift",37,5.5,745.956638325763,193948.725964698,19135.8738415,10.1353472316525
"188","2013","Regular_Petrol",1.989176075,"Mitsubishi","Outlander PHEV",56,2,2761.69590001977,718040.934005139,28962.403652,24.7921734201628
"189","2013","Regular_Petrol",1.989176075,"Nissan","X-Trail",55,7,764.203698017858,198692.961484643,28445.2178725,6.9851094962691
"190","2013","Regular_Petrol",1.989176075,"Subaru","Impreza",50,7,667.980239416842,173674.862248379,25859.288975,6.71614994581958
"191","2014","Regular_Petrol",1.374138744,"Toyota","RAV4",55,6.5,837.298648082019,217697.648501325,19650.1840392,11.0786569768019
"192","2014","Regular_Petrol",1.374138744,"Toyota","Corolla",50,5.5,929.191498065226,241589.789496959,17863.803672,13.5239836897463
"193","2014","Regular_Petrol",1.374138744,"Kia","Sportage",54,8.5,598.706708991078,155663.74433768,19292.90796576,8.06844383510998
"194","2014","Regular_Petrol",1.374138744,"Hyundai","Kona",50,6.5,810.749427629853,210794.851183762,17863.803672,11.8001101587432
"195","2014","Regular_Petrol",1.374138744,"Honda","Jazz",40,6.5,554.980476069392,144294.923778042,14291.0429376,10.0968784719273
"196","2014","Regular_Petrol",1.374138744,"Suzuki","Swift",37,5.5,620.328052086886,161285.29354259,13219.21471728,12.2008225898442
"197","2014","Regular_Petrol",1.374138744,"Mitsubishi","Outlander PHEV",56,2,2872.05788534221,746735.050188976,20007.46011264,37.3228308833271
"198","2014","Regular_Petrol",1.374138744,"Nissan","X-Trail",55,7,734.921912449053,191079.697236754,19650.1840392,9.7240665459199
"199","2014","Regular_Petrol",1.374138744,"Subaru","Impreza",50,7,734.88444990159,191069.956974413,17863.803672,10.6959279492026
"200","2015","Regular_Petrol",1.6448873188,"Toyota","RAV4",55,6.5,827.1000435984,215046.011335584,23521.88865884,9.14237859274814
"201","2015","Regular_Petrol",1.6448873188,"Toyota","Corolla",50,5.5,929.561001073456,241685.860279099,21383.5351444,11.3024277158584
"202","2015","Regular_Petrol",1.6448873188,"Kia","Sportage",54,8.5,719.737781957261,187131.823308888,23094.217955952,8.10297294612044
"203","2015","Regular_Petrol",1.6448873188,"Hyundai","Kona",50,6.5,848.560190902868,220625.649634746,21383.5351444,10.3175479706649
"204","2015","Regular_Petrol",1.6448873188,"Honda","Jazz",40,6.5,598.839225350477,155698.198591124,17106.82811552,9.10152352848325
"205","2015","Regular_Petrol",1.6448873188,"Suzuki","Swift",37,5.5,558.465495962649,145201.028950289,15823.816006856,9.17610700777723
"206","2015","Regular_Petrol",1.6448873188,"Mitsubishi","Outlander PHEV",56,2,2924.88307949171,760469.600667844,23949.559361728,31.7529683607914
"207","2015","Regular_Petrol",1.6448873188,"Nissan","X-Trail",55,7,819.06759405256,212957.574453666,23521.88865884,9.05359163723581
"208","2015","Regular_Petrol",1.6448873188,"Subaru","Impreza",50,7,741.352081083899,192751.541081814,21383.5351444,9.01401661512887
"209","2016","Regular_Petrol",1.6073231801,"Toyota","RAV4",55,6.5,845.483869996551,219825.806199103,22984.72147543,9.56399695485067
"210","2016","Regular_Petrol",1.6073231801,"Toyota","Corolla",50,5.5,934.596330238555,242995.045862024,20895.2013413,11.6292272992717
"211","2016","Regular_Petrol",1.6073231801,"Kia","Sportage",54,8.5,627.075326058575,163039.58477523,22566.817448604,7.22474868893466
"212","2016","Regular_Petrol",1.6073231801,"Hyundai","Kona",50,6.5,790.265501393495,205469.030362309,20895.2013413,9.83331182151343
"213","2016","Regular_Petrol",1.6073231801,"Honda","Jazz",40,6.5,595.372278185733,154796.792328291,16716.16107304,9.26030753424292
"214","2016","Regular_Petrol",1.6073231801,"Suzuki","Swift",37,5.5,604.2168788499,157096.388500974,15462.448992562,10.1598646227737
"215","2016","Regular_Petrol",1.6073231801,"Mitsubishi","Outlander PHEV",56,2,2849.39191337274,740841.897476913,23402.625502256,31.6563582750789
"216","2016","Regular_Petrol",1.6073231801,"Nissan","X-Trail",55,7,861.701536989263,224042.399617208,22984.72147543,9.74744896764154
"217","2016","Regular_Petrol",1.6073231801,"Subaru","Impreza",50,7,698.848685824434,181700.658314353,20895.2013413,8.6958079678905
"218","2017","Regular_Petrol",1.6921498646,"Toyota","RAV4",55,6.5,783.489358373462,203707.2331771,24197.74306378,8.41843938255613
"219","2017","Regular_Petrol",1.6921498646,"Toyota","Corolla",50,5.5,941.2029743748,244712.773337448,21997.9482398,11.12434535575
"220","2017","Regular_Petrol",1.6921498646,"Kia","Sportage",54,8.5,633.05866080236,164595.251808614,23757.784098984,6.92805571103967
"221","2017","Regular_Petrol",1.6921498646,"Hyundai","Kona",50,6.5,682.569848889527,177468.160711277,21997.9482398,8.06748696636131
"222","2017","Regular_Petrol",1.6921498646,"Honda","Jazz",40,6.5,615.491208368629,160027.714175844,17598.35859184,9.09333182073271
"223","2017","Regular_Petrol",1.6921498646,"Suzuki","Swift",37,5.5,641.212256030865,166715.186568025,16278.481697452,10.2414457113725
"224","2017","Regular_Petrol",1.6921498646,"Mitsubishi","Outlander PHEV",56,2,2782.95157100698,723567.408461815,24637.702028576,29.3682993496141
"225","2017","Regular_Petrol",1.6921498646,"Nissan","X-Trail",55,7,727.885667582493,189250.273571448,24197.74306378,7.82098863818107
"226","2017","Regular_Petrol",1.6921498646,"Subaru","Impreza",50,7,804.442809681588,209155.130517213,21997.9482398,9.50793811482822
"227","2018","Regular_Petrol",1.9029933325,"Toyota","RAV4",55,6.5,829.597244334285,215695.283526914,27212.80465475,7.92624230627638
"228","2018","Regular_Petrol",1.9029933325,"Toyota","Corolla",50,5.5,828.815238478255,215491.962004346,24738.9133225,8.71064784435607
"229","2018","Regular_Petrol",1.9029933325,"Kia","Sportage",54,8.5,645.153789584033,167739.985291849,26718.0263883,6.27815778209213
"230","2018","Regular_Petrol",1.9029933325,"Hyundai","Kona",50,6.5,782.389551551043,203421.283403271,24738.9133225,8.22272509513422
"231","2018","Regular_Petrol",1.9029933325,"Honda","Jazz",40,6.5,566.093280364151,147184.252894679,19791.130658,7.436879450603
"232","2018","Regular_Petrol",1.9029933325,"Suzuki","Swift",37,5.5,528.281239143295,137353.122177257,18306.79585865,7.50284884573928
"233","2018","Regular_Petrol",1.9029933325,"Mitsubishi","Outlander PHEV",56,2,2767.97591487174,719673.737866653,27707.5829212,25.9738909710528
"234","2018","Regular_Petrol",1.9029933325,"Nissan","X-Trail",55,7,814.23966751031,211702.313552681,27212.80465475,7.77951101470638
"235","2018","Regular_Petrol",1.9029933325,"Subaru","Impreza",50,7,711.299550483584,184937.883125732,24738.9133225,7.47558636528837
"236","2019","Regular_Petrol",1.8701581546,"Toyota","RAV4",55,6.5,841.244908953585,218723.676327932,26743.26161078,8.17864625157637
"237","2019","Regular_Petrol",1.8701581546,"Toyota","Corolla",50,5.5,937.131945521915,243654.305835698,24312.0560098,10.0219539531121
"238","2019","Regular_Petrol",1.8701581546,"Kia","Sportage",54,8.5,575.971185718085,149752.508286702,26257.020490584,5.70333211799125
"239","2019","Regular_Petrol",1.8701581546,"Hyundai","Kona",50,6.5,824.069621444481,214258.101575565,24312.0560098,8.81283349664872
"240","2019","Regular_Petrol",1.8701581546,"Honda","Jazz",40,6.5,615.117413970707,159930.527632384,19449.64480784,8.22279939877962
"241","2019","Regular_Petrol",1.8701581546,"Suzuki","Swift",37,5.5,708.092806097177,184104.129585266,17990.921447252,10.2331684413745
"242","2019","Regular_Petrol",1.8701581546,"Mitsubishi","Outlander PHEV",56,2,2851.70538673687,741443.400551587,27229.502730976,27.2294139146408
"243","2019","Regular_Petrol",1.8701581546,"Nissan","X-Trail",55,7,796.888306460051,207190.959679613,26743.26161078,7.74740802730271
"244","2019","Regular_Petrol",1.8701581546,"Subaru","Impreza",50,7,670.350333642413,174291.086747027,24312.0560098,7.16891597636877
"245","2020","Regular_Petrol",1.7358411011,"Toyota","RAV4",55,6.5,904.302073952213,235118.539227575,24822.52774573,9.47198212994326
"246","2020","Regular_Petrol",1.7358411011,"Toyota","Corolla",50,5.5,809.082661851635,210361.492081425,22565.9343143,9.3220820884921
"247","2020","Regular_Petrol",1.7358411011,"Kia","Sportage",54,8.5,608.054580646973,158094.190968213,24371.209059444,6.48692441079161
"248","2020","Regular_Petrol",1.7358411011,"Hyundai","Kona",50,6.5,756.44723377292,196676.280780959,22565.9343143,8.71562763773205
"249","2020","Regular_Petrol",1.7358411011,"Honda","Jazz",40,6.5,607.078563546365,157840.426522055,18052.74745144,8.74329112212029
"250","2020","Regular_Petrol",1.7358411011,"Suzuki","Swift",37,5.5,723.750468166478,188175.121723284,16698.791392582,11.2687869019596
"251","2020","Regular_Petrol",1.7358411011,"Mitsubishi","Outlander PHEV",56,2,2806.81109465514,729770.884610336,25273.846432016,28.8745477097577
"252","2020","Regular_Petrol",1.7358411011,"Nissan","X-Trail",55,7,806.072665885477,209578.893130224,24822.52774573,8.44309231022115
"253","2020","Regular_Petrol",1.7358411011,"Subaru","Impreza",50,7,710.802973635069,184808.773145118,22565.9343143,8.18972396937294
"254","2021","Regular_Petrol",1.7764758374,"Toyota","RAV4",55,6.5,833.77062907288,216780.363558949,25403.60447482,8.53344901404921
"255","2021","Regular_Petrol",1.7764758374,"Toyota","Corolla",50,5.5,943.868449421891,245405.796849692,23094.1858862,10.6263021376447
"256","2021","Regular_Petrol",1.7764758374,"Kia","Sportage",54,8.5,692.605535507849,180077.439232041,24941.720757096,7.21992844783206
"257","2021","Regular_Petrol",1.7764758374,"Hyundai","Kona",50,6.5,649.075958486176,168759.749206406,23094.1858862,7.30745608604669
"258","2021","Regular_Petrol",1.7764758374,"Honda","Jazz",40,6.5,644.021593146908,167445.614218196,18475.34870896,9.06319100418331
"259","2021","Regular_Petrol",1.7764758374,"Suzuki","Swift",37,5.5,691.463493066206,179780.508197213,17089.697555788,10.5198180137673
"260","2021","Regular_Petrol",1.7764758374,"Mitsubishi","Outlander PHEV",56,2,2778.7366139222,722471.519619771,25865.488192544,27.931872549308
"261","2021","Regular_Petrol",1.7764758374,"Nissan","X-Trail",55,7,833.264926093127,216648.880784213,25403.60447482,8.52827326133797
"262","2021","Regular_Petrol",1.7764758374,"Subaru","Impreza",50,7,694.823855199795,180654.202351947,23094.1858862,7.82249710997162
"263","2022","Regular_Petrol",2.090734313,"Toyota","RAV4",55,6.5,831.937313063867,216303.701396606,29897.5006759,7.23484226127856
"264","2022","Regular_Petrol",2.090734313,"Toyota","Corolla",50,5.5,951.961397994899,247509.963478674,27179.546069,9.10647892537744
"265","2022","Regular_Petrol",2.090734313,"Kia","Sportage",54,8.5,721.275482603089,187531.625476803,29353.90975452,6.38864216198411
"266","2022","Regular_Petrol",2.090734313,"Hyundai","Kona",50,6.5,782.733514277631,203510.713712184,27179.546069,7.4876421112971
"267","2022","Regular_Petrol",2.090734313,"Honda","Jazz",40,6.5,594.275414895233,154511.607872761,21743.6368552,7.10606090884052
"268","2022","Regular_Petrol",2.090734313,"Suzuki","Swift",37,5.5,613.271607984293,159450.618075916,20112.86409106,7.92779274766694
"269","2022","Regular_Petrol",2.090734313,"Mitsubishi","Outlander PHEV",56,2,2783.44835105605,723696.571274573,30441.09159728,23.77367345589
"270","2022","Regular_Petrol",2.090734313,"Nissan","X-Trail",55,7,738.722819388785,192067.933041084,29897.5006759,6.42421368672825
"271","2022","Regular_Petrol",2.090734313,"Subaru","Impreza",50,7,701.339085129775,182348.162133742,27179.546069,6.70902161760977
"272","2023","Regular_Petrol",2.159429752,"Toyota","RAV4",55,6.5,865.872804564925,225126.92918688,30879.8454536,7.29041631782632
"273","2023","Regular_Petrol",2.159429752,"Toyota","Corolla",50,5.5,866.498054489716,225289.494167326,28072.586776,8.02524882957819
"274","2023","Regular_Petrol",2.159429752,"Kia","Sportage",54,8.5,767.752461701803,199615.640042469,30318.39371808,6.58397809259368
"275","2023","Regular_Petrol",2.159429752,"Hyundai","Kona",50,6.5,777.031353014023,202028.151783646,28072.586776,7.19663468834177
"276","2023","Regular_Petrol",2.159429752,"Honda","Jazz",40,6.5,671.894978757363,174692.694476914,22458.0694208,7.77861583752694
"277","2023","Regular_Petrol",2.159429752,"Suzuki","Swift",37,5.5,558.271073735267,145150.47917117,20773.71421424,6.98721844703493
"278","2023","Regular_Petrol",2.159429752,"Mitsubishi","Outlander PHEV",56,2,2837.05005785977,737633.015043541,31441.29718912,23.4606419260205
"279","2023","Regular_Petrol",2.159429752,"Nissan","X-Trail",55,7,719.902027691708,187174.527199844,30879.8454536,6.06138160506963
"280","2023","Regular_Petrol",2.159429752,"Subaru","Impreza",50,7,760.275898166171,197671.733523205,28072.586776,7.04145061872956
"281","2004","Premium_Petrol_95R",1.1490033333,"Volkswagen","Golf",50,6,853.239841105931,221842.358687542,14937.0433329,14.8518253407565
"282","2005","Premium_Petrol_95R",1.179,"Volkswagen","Golf",50,6,812.956904369845,211368.79513616,15327,13.7906175465623
"283","2006","Premium_Petrol_95R",1.4276824298,"Volkswagen","Golf",50,6,899.546264842197,233882.028858971,18559.8715874,12.601489603934
"284","2007","Premium_Petrol_95R",1.4019033211,"Volkswagen","Golf",50,6,798.271749870987,207550.654966457,18224.7431743,11.3883994403355
"285","2008","Premium_Petrol_95R",1.3804703053,"Volkswagen","Golf",50,6,804.302618121307,209118.68071154,17946.1139689,11.6525884697899
"286","2009","Premium_Petrol_95R",1.3785142613,"Volkswagen","Golf",50,6,783.279724282062,203652.728313336,17920.6853969,11.3641149209932
"287","2010","Premium_Petrol_95R",1.7166911966,"Volkswagen","Golf",50,6,799.924402995664,207980.344778873,22316.9855558,9.31937444055119
"288","2011","Premium_Petrol_95R",2.009851713,"Volkswagen","Golf",50,6,880.592581001987,228954.071060517,26128.072269,8.7627617033256
"289","2012","Premium_Petrol_95R",2.005914247,"Volkswagen","Golf",50,6,855.018440810591,222304.794610754,26076.885211,8.52497500418413
"290","2013","Premium_Petrol_95R",2.090683223,"Volkswagen","Golf",50,6,883.591294217186,229733.736496468,27178.881899,8.45265590211498
"291","2014","Premium_Petrol_95R",1.960094465,"Volkswagen","Golf",50,6,813.827400130649,211595.124033969,25481.228045,8.30396100455954
"292","2015","Premium_Petrol_95R",1.7680567369,"Volkswagen","Golf",50,6,852.151847922066,221559.480459737,22984.7375797,9.63941744783797
"293","2016","Premium_Petrol_95R",1.7487759364,"Volkswagen","Golf",50,6,845.541579557658,219840.810684991,22734.0871732,9.67009623083304
"294","2017","Premium_Petrol_95R",1.8409076954,"Volkswagen","Golf",50,6,762.020466214206,198125.321215694,23931.8000402,8.27874714325241
"295","2018","Premium_Petrol_95R",2.045807776,"Volkswagen","Golf",50,6,922.254797707106,239786.247403848,26595.501088,9.01604548116749
"296","2019","Premium_Petrol_95R",2.011215146,"Volkswagen","Golf",50,6,840.055716380017,218414.486258804,26145.796898,8.35371310772753
"297","2020","Premium_Petrol_95R",1.9015834897,"Volkswagen","Golf",50,6,871.613283291227,226619.453655719,24720.5853661,9.16723654798596
"298","2021","Premium_Petrol_95R",1.950059732,"Volkswagen","Golf",50,6,881.090167178782,229083.443466483,25350.776516,9.03654542186898
"299","2022","Premium_Petrol_95R",2.236615985,"Volkswagen","Golf",50,6,830.80504826122,216009.312547917,29076.007805,7.42912555246912
"300","2023","Premium_Petrol_95R",2.302973452,"Volkswagen","Golf",50,6,818.042562344985,212691.066209696,29938.654876,7.10422920103193
